condition,kind,gap,rep_strength,info_level,round,lambda_hat,lambda_lo,lambda_hi,bayes_w,oracle
gap1.5_moderate_lean,main,1.5,moderate,lean,1,0.25334151026686796,0.11179918836154946,0.3800442384726036,0.10000000000000002,0.6923076923076923
gap1.5_moderate_lean,main,1.5,moderate,lean,2,0.3423868512839166,0.2431512872181413,0.46026027010606013,0.21336958479882934,0.6923076923076923
gap1.5_moderate_lean,main,1.5,moderate,lean,3,0.3543777733488477,0.2590144220838792,0.435629154095206,0.28014612144673495,0.6923076923076923
gap1.5_moderate_lean,main,1.5,moderate,lean,4,0.41736380900616665,0.3323440151638426,0.48322512318101213,0.32926377982706867,0.6923076923076923
gap1.5_moderate_lean,main,1.5,moderate,lean,5,0.43657106077788366,0.35988416066699014,0.543182947819538,0.3788771528099749,0.6923076923076923
gap1.5_moderate_lean,main,1.5,moderate,lean,6,0.4582073788881006,0.3979474580593083,0.5036497579948458,0.42419015926907433,0.6923076923076923
gap1.5_moderate_lean,main,1.5,moderate,lean,7,0.4130157772698843,0.3624109778313645,0.4521350302607345,0.45533452670633956,0.6923076923076923
gap1.5_moderate_lean,main,1.5,moderate,lean,8,0.45434250177743235,0.41910474704202305,0.4964614900058274,0.4816179710993689,0.6923076923076923
gap1.5_moderate_lean,main,1.5,moderate,lean,9,0.39742260409835456,0.3254752895076823,0.4876145122360325,0.5074996924982058,0.6923076923076923
gap1.5_moderate_lean,main,1.5,moderate,lean,10,0.460899068918423,0.39752684818822537,0.5231857228991055,0.5269571113534112,0.6923076923076923
gap1.5_moderate_lean,main,1.5,moderate,lean,11,0.4577133365001092,0.38983067415975825,0.5224252093888785,0.5359838309009095,0.6923076923076923
gap1.5_moderate_lean,main,1.5,moderate,lean,12,0.45126090750405445,0.4037085736929116,0.49519274477371084,0.5489733356526157,0.6923076923076923
gap1.5_moderate_lean,main,1.5,moderate,lean,13,0.42298523642260255,0.3495207848922336,0.5166707184215783,0.5570709907382073,0.6923076923076923
gap1.5_moderate_lean,main,1.5,moderate,lean,14,0.4434639651060256,0.38921683732178103,0.48614701145564715,0.5631875772822041,0.6923076923076923
gap1.5_moderate_lean,main,1.5,moderate,lean,15,0.46398512739188863,0.4215838051004949,0.5032146341337318,0.5677024593515674,0.6923076923076923
gap1.5_moderate_lean,main,1.5,moderate,lean,16,0.38502360520423573,0.3211440342637746,0.4506621541060617,0.5738049795508482,0.6923076923076923
gap1.5_moderate_lean,main,1.5,moderate,lean,17,0.4762111598528752,0.4363620505875361,0.5221240387785538,0.579618267742332,0.6923076923076923
gap1.5_moderate_lean,main,1.5,moderate,lean,18,0.3615505817374458,0.2503548346505357,0.47874149352291057,0.5867434945598485,0.6923076923076923
gap1.5_moderate_lean,main,1.5,moderate,lean,19,0.45770606490696003,0.4137656241735193,0.5033029482714769,0.5905228714444275,0.6923076923076923
gap1.5_moderate_lean,main,1.5,moderate,lean,20,0.4539778189605853,0.3908632747620113,0.5224427644726921,0.5945044249715157,0.6923076923076923
gap1.5_moderate_lean,main,1.5,moderate,lean,21,0.4684985298980942,0.434293290618428,0.5001597861335236,0.5945687773400071,0.6923076923076923
gap1.5_moderate_lean,main,1.5,moderate,lean,22,0.4758139498517941,0.41872600669925913,0.5514946550730224,0.5997585405765538,0.6923076923076923
gap1.5_moderate_lean,main,1.5,moderate,lean,23,0.4506748341936503,0.4061558546080149,0.4922143609180492,0.6050675138935597,0.6923076923076923
gap1.5_moderate_lean,main,1.5,moderate,lean,24,0.4194572572014714,0.38592012021089556,0.4592716459668051,0.6080048389515569,0.6923076923076923
gap1.5_moderate_lean,main,1.5,moderate,lean,25,0.48529704569576076,0.4393471818389765,0.5286546485469006,0.6137527785804846,0.6923076923076923
gap1.5_moderate_lean,main,1.5,moderate,lean,26,0.4746688127953357,0.4382437319039631,0.5110488851237424,0.6182943574396728,0.6923076923076923
gap1.5_moderate_lean,main,1.5,moderate,lean,27,0.466771228613555,0.4173768563957413,0.5055888650859364,0.6200350470700956,0.6923076923076923
gap1.5_moderate_lean,main,1.5,moderate,lean,28,0.4225039811737826,0.34259976575769097,0.4997902593648042,0.6247825452743314,0.6923076923076923
gap1.5_moderate_lean,main,1.5,moderate,lean,29,0.488055205423402,0.43179573440766716,0.537744568116909,0.626263660252908,0.6923076923076923
gap1.5_moderate_lean,main,1.5,moderate,lean,30,0.49369259039305435,0.43124010845491684,0.547134151421176,0.6301331131545573,0.6923076923076923
gap1.5_moderate_lean,main,1.5,moderate,lean,31,0.4708264794909455,0.4374696059511633,0.5048071967251291,0.6355108485142626,0.6923076923076923
gap1.5_moderate_lean,main,1.5,moderate,lean,32,0.4732440556782614,0.43932580621781814,0.505822639897104,0.6365040743786209,0.6923076923076923
gap2.0_moderate_lean,main,2.0,moderate,lean,1,0.1622716927516602,0.003829865773869347,0.3024332266284815,0.10000000000000002,0.7999999999999999
gap2.0_moderate_lean,main,2.0,moderate,lean,2,0.40412046997349765,0.2902590919166377,0.5374496585721359,0.2561824199719177,0.7999999999999999
gap2.0_moderate_lean,main,2.0,moderate,lean,3,0.3769928457880421,0.31861474208576174,0.43165084633592105,0.3483291412387347,0.7999999999999999
gap2.0_moderate_lean,main,2.0,moderate,lean,4,0.44251068467186966,0.35854339835539506,0.5029105350020888,0.415189255719649,0.7999999999999999
gap2.0_moderate_lean,main,2.0,moderate,lean,5,0.423427121018935,0.3482053894780251,0.5299779695499134,0.4811532689711152,0.7999999999999999
gap2.0_moderate_lean,main,2.0,moderate,lean,6,0.45634234442091726,0.404811209876492,0.5022506590810824,0.5369863912636914,0.7999999999999999
gap2.0_moderate_lean,main,2.0,moderate,lean,7,0.422873539174141,0.37958376337364297,0.4668010789705467,0.5717805888590287,0.7999999999999999
gap2.0_moderate_lean,main,2.0,moderate,lean,8,0.46659583994477305,0.42054753768414915,0.5105560976358382,0.6004090044446749,0.7999999999999999
gap2.0_moderate_lean,main,2.0,moderate,lean,9,0.42104373400601686,0.33821218364558425,0.5232141718323832,0.6275131046290483,0.7999999999999999
gap2.0_moderate_lean,main,2.0,moderate,lean,10,0.5316584954622304,0.4571451355582077,0.6031733158666401,0.6479961637514361,0.7999999999999999
gap2.0_moderate_lean,main,2.0,moderate,lean,11,0.49752985980063175,0.4251229395402455,0.562880951409719,0.6578430683033762,0.7999999999999999
gap2.0_moderate_lean,main,2.0,moderate,lean,12,0.47680543911818574,0.44320959979888536,0.5104549852110004,0.670414824896609,0.7999999999999999
gap2.0_moderate_lean,main,2.0,moderate,lean,13,0.4525803571178928,0.39726710568065693,0.5239235850113282,0.6785286425063164,0.7999999999999999
gap2.0_moderate_lean,main,2.0,moderate,lean,14,0.48319962298292024,0.4286744224723973,0.5326214468654933,0.6843886703863626,0.7999999999999999
gap2.0_moderate_lean,main,2.0,moderate,lean,15,0.4868190721179862,0.4601088809311163,0.517849635838423,0.6891214988284556,0.7999999999999999
gap2.0_moderate_lean,main,2.0,moderate,lean,16,0.40076786918051965,0.3222830200524649,0.48265415916183046,0.6951803460552843,0.7999999999999999
gap2.0_moderate_lean,main,2.0,moderate,lean,17,0.48093581205337993,0.4107595556685329,0.5509253156562227,0.7006751245912504,0.7999999999999999
gap2.0_moderate_lean,main,2.0,moderate,lean,18,0.4427807822712106,0.3786092943062263,0.5117898958782211,0.70752578265779,0.7999999999999999
gap2.0_moderate_lean,main,2.0,moderate,lean,19,0.5105752676804474,0.45257061515661445,0.5788121803773918,0.7111582595509723,0.7999999999999999
gap2.0_moderate_lean,main,2.0,moderate,lean,20,0.4800117140557814,0.39300463855282675,0.5548097470821486,0.7149188826358625,0.7999999999999999
gap2.0_moderate_lean,main,2.0,moderate,lean,21,0.4683989637262744,0.4250404413415894,0.5153377376339396,0.7152017127795021,0.7999999999999999
gap2.0_moderate_lean,main,2.0,moderate,lean,22,0.4920034601105785,0.44503309275666486,0.5537187536619029,0.7201453623146964,0.7999999999999999
gap2.0_moderate_lean,main,2.0,moderate,lean,23,0.490610609744047,0.4252158691266972,0.5698564105935483,0.7250047747187868,0.7999999999999999
gap2.0_moderate_lean,main,2.0,moderate,lean,24,0.42632080449310567,0.3741881719102829,0.4823781580364826,0.7278375494939505,0.7999999999999999
gap2.0_moderate_lean,main,2.0,moderate,lean,25,0.5080000670819034,0.4581453969431816,0.5562738554152521,0.7329200429218161,0.7999999999999999
gap2.0_moderate_lean,main,2.0,moderate,lean,26,0.503037904365718,0.4550415379855233,0.5557095195207781,0.7368602553728714,0.7999999999999999
gap2.0_moderate_lean,main,2.0,moderate,lean,27,0.5020367998728225,0.46186454275935585,0.544885640865399,0.738391629167158,0.7999999999999999
gap2.0_moderate_lean,main,2.0,moderate,lean,28,0.46964600569956627,0.42758773977117615,0.5187545445955815,0.7424680904807331,0.7999999999999999
gap2.0_moderate_lean,main,2.0,moderate,lean,29,0.5224459961018431,0.4761640196598244,0.5834297503409567,0.743910609585148,0.7999999999999999
gap2.0_moderate_lean,main,2.0,moderate,lean,30,0.5454597768615151,0.48280408205956765,0.6015030595073292,0.7471401556531986,0.7999999999999999
gap2.0_moderate_lean,main,2.0,moderate,lean,31,0.4986937729989686,0.4813217442250445,0.5212547626424346,0.7516064189381517,0.7999999999999999
gap2.0_moderate_lean,main,2.0,moderate,lean,32,0.4749296713171501,0.42427782400390107,0.5097110792188089,0.7524827398469413,0.7999999999999999
gap3.0_moderate_lean,main,3.0,moderate,lean,1,0.24417081589782316,0.10220227580196965,0.3701859089313335,0.10000000000000002,0.9
gap3.0_moderate_lean,main,3.0,moderate,lean,2,0.4624351227107665,0.3133158977108493,0.5868365537548679,0.3489178846653272,0.9
gap3.0_moderate_lean,main,3.0,moderate,lean,3,0.4395928719079055,0.3762561077434963,0.48863253941041124,0.47794381379057144,0.9
gap3.0_moderate_lean,main,3.0,moderate,lean,4,0.4597195360746881,0.3633280116467489,0.5510887113313536,0.5642310292050156,0.9
gap3.0_moderate_lean,main,3.0,moderate,lean,5,0.4881859125344414,0.37856387578283845,0.6029016650928356,0.6433711932976365,0.9
gap3.0_moderate_lean,main,3.0,moderate,lean,6,0.42884163005995624,0.3493760601676662,0.49366376665382883,0.7013236323922933,0.9
gap3.0_moderate_lean,main,3.0,moderate,lean,7,0.41093078590367954,0.3444778861189253,0.48389268728879514,0.732272294785828,0.9
gap3.0_moderate_lean,main,3.0,moderate,lean,8,0.5113314669750334,0.4755631655667939,0.5479465612198592,0.7569510739415479,0.9
gap3.0_moderate_lean,main,3.0,moderate,lean,9,0.4209384221983453,0.3348119903409471,0.5435779962852533,0.7790979958735422,0.9
gap3.0_moderate_lean,main,3.0,moderate,lean,10,0.5360260689500222,0.4329219035984315,0.6533934592983055,0.7958783346164191,0.9
gap3.0_moderate_lean,main,3.0,moderate,lean,11,0.5690453314996522,0.4672702062421497,0.6562177513769161,0.8039353658572809,0.9
gap3.0_moderate_lean,main,3.0,moderate,lean,12,0.4907870496608111,0.4610324871373389,0.5210180788841882,0.8130901953240809,0.9
gap3.0_moderate_lean,main,3.0,moderate,lean,13,0.4952504823856416,0.4096447885302311,0.6015507026902884,0.8191406959494788,0.9
gap3.0_moderate_lean,main,3.0,moderate,lean,14,0.5008818803179742,0.4698904642210777,0.5334213080429857,0.8232984992315497,0.9
gap3.0_moderate_lean,main,3.0,moderate,lean,15,0.5192212528493425,0.48207822067631345,0.5611148895116989,0.826924364348707,0.9
gap3.0_moderate_lean,main,3.0,moderate,lean,16,0.47416927163699685,0.4025530879605025,0.5577254619159603,0.8314332450836126,0.9
gap3.0_moderate_lean,main,3.0,moderate,lean,17,0.5404377811333072,0.4926496122415333,0.6088963001490961,0.8353494969609034,0.9
gap3.0_moderate_lean,main,3.0,moderate,lean,18,0.4928756119239055,0.4647547383206068,0.5225395992250685,0.8402911405954141,0.9
gap3.0_moderate_lean,main,3.0,moderate,lean,19,0.5607469272742046,0.48435369606377715,0.6399008070417322,0.8428680850374726,0.9
gap3.0_moderate_lean,main,3.0,moderate,lean,20,0.4877129038018199,0.4282984516821706,0.5644383332382503,0.8454946931094242,0.9
gap3.0_moderate_lean,main,3.0,moderate,lean,21,0.5640900611819695,0.4991823430492961,0.6464405110227641,0.8457961767214603,0.9
gap3.0_moderate_lean,main,3.0,moderate,lean,22,0.579997179638357,0.5134759793610495,0.6726610133819492,0.8492676140297235,0.9
gap3.0_moderate_lean,main,3.0,moderate,lean,23,0.5361293717683057,0.4713192461205585,0.621988852459408,0.8525743790165565,0.9
gap3.0_moderate_lean,main,3.0,moderate,lean,24,0.513224433769141,0.4849513439016336,0.5460884686885752,0.8545731964185738,0.9
gap3.0_moderate_lean,main,3.0,moderate,lean,25,0.5607686818994978,0.5083435851645991,0.617592607351002,0.8579141710593904,0.9
gap3.0_moderate_lean,main,3.0,moderate,lean,26,0.5606160110675583,0.5050930760065225,0.6170808269806273,0.8604619353116902,0.9
gap3.0_moderate_lean,main,3.0,moderate,lean,27,0.5661283882703266,0.5275596751455723,0.608614455332845,0.8614520669552299,0.9
gap3.0_moderate_lean,main,3.0,moderate,lean,28,0.5259616441159616,0.5006925228812008,0.5517459134552656,0.8640584128486222,0.9
gap3.0_moderate_lean,main,3.0,moderate,lean,29,0.5964820320445705,0.549715520734157,0.6283335606199815,0.8650610595014037,0.9
gap3.0_moderate_lean,main,3.0,moderate,lean,30,0.5892289846282788,0.5068476002404168,0.6759785478008412,0.8670578888107057,0.9
gap3.0_moderate_lean,main,3.0,moderate,lean,31,0.5370044852873185,0.4900209995820439,0.5830532021648049,0.8698208876178926,0.9
gap3.0_moderate_lean,main,3.0,moderate,lean,32,0.5305760253639834,0.42644384604882635,0.6151771650224808,0.8703726743628357,0.9
gap5.0_moderate_lean,main,5.0,moderate,lean,1,0.286876535660139,0.14682994461139925,0.4089764471644363,0.10000000000000002,0.9615384615384616
gap5.0_moderate_lean,main,5.0,moderate,lean,2,0.4943139536295069,0.3571999621532507,0.627996132200462,0.5143970521699066,0.9615384615384616
gap5.0_moderate_lean,main,5.0,moderate,lean,3,0.44583381600322,0.34497022806047034,0.5225601573943511,0.6667673703686228,0.9615384615384616
gap5.0_moderate_lean,main,5.0,moderate,lean,4,0.5454149959878157,0.4742780865611602,0.6257108480630185,0.7503676352259857,0.9615384615384616
gap5.0_moderate_lean,main,5.0,moderate,lean,5,0.5340575318620839,0.396383575141303,0.6866104973580875,0.8188484477479688,0.9615384615384616
gap5.0_moderate_lean,main,5.0,moderate,lean,6,0.44463980935928954,0.33763983645272333,0.531671618410945,0.8591928220640984,0.9615384615384616
gap5.0_moderate_lean,main,5.0,moderate,lean,7,0.39736778343238405,0.2938929982047554,0.5171160594094303,0.87739418734916,0.9615384615384616
gap5.0_moderate_lean,main,5.0,moderate,lean,8,0.4830667074360406,0.39393770255039645,0.5720012547556091,0.8914996843884424,0.9615384615384616
gap5.0_moderate_lean,main,5.0,moderate,lean,9,0.5355170869870529,0.4660251380567285,0.6097100387212687,0.9035574676020788,0.9615384615384616
gap5.0_moderate_lean,main,5.0,moderate,lean,10,0.6068982220921333,0.5163098219823209,0.7182022061988277,0.9126660748027436,0.9615384615384616
gap5.0_moderate_lean,main,5.0,moderate,lean,11,0.6828077355105682,0.6033212743287533,0.7550234873280499,0.916966794810272,0.9615384615384616
gap5.0_moderate_lean,main,5.0,moderate,lean,12,0.5690677278121397,0.5167149415350119,0.6244864846006499,0.9214513059218481,0.9615384615384616
gap5.0_moderate_lean,main,5.0,moderate,lean,13,0.5295714047181105,0.42674303221561,0.6546108796123672,0.9244504838622791,0.9615384615384616
gap5.0_moderate_lean,main,5.0,moderate,lean,14,0.569266272100187,0.5156767717422857,0.6166727767488044,0.9264361517949011,0.9615384615384616
gap5.0_moderate_lean,main,5.0,moderate,lean,15,0.5952631608335328,0.5415884989089895,0.6427241541478755,0.9282589617405932,0.9615384615384616
gap5.0_moderate_lean,main,5.0,moderate,lean,16,0.567126640396369,0.42205642321884995,0.7185760652745055,0.9304992622248622,0.9615384615384616
gap5.0_moderate_lean,main,5.0,moderate,lean,17,0.6571357627530146,0.5931536481955997,0.7371475871774688,0.9323966018460229,0.9615384615384616
gap5.0_moderate_lean,main,5.0,moderate,lean,18,0.5346796043214276,0.4689352847261716,0.6082622607040562,0.9347979852982362,0.9615384615384616
gap5.0_moderate_lean,main,5.0,moderate,lean,19,0.6251041803285432,0.544681506430046,0.7141550936583513,0.9360276638359142,0.9615384615384616
gap5.0_moderate_lean,main,5.0,moderate,lean,20,0.6611979292108817,0.5431628633425907,0.7886399606762247,0.9372694013700616,0.9615384615384616
gap5.0_moderate_lean,main,5.0,moderate,lean,21,0.6474094821050586,0.5730352952861567,0.7329997796144754,0.9374372208329772,0.9615384615384616
gap5.0_moderate_lean,main,5.0,moderate,lean,22,0.6792552512312993,0.6228888055836623,0.7448705137060336,0.9390795838219186,0.9615384615384616
gap5.0_moderate_lean,main,5.0,moderate,lean,23,0.5862069333018577,0.49305064911528984,0.6668575687987776,0.9406168288938319,0.9615384615384616
gap5.0_moderate_lean,main,5.0,moderate,lean,24,0.5515596975691883,0.45009762747396254,0.6625782273894305,0.9415630099433144,0.9615384615384616
gap5.0_moderate_lean,main,5.0,moderate,lean,25,0.6693790764735349,0.5738223105522063,0.7570387464804279,0.9430795947642231,0.9615384615384616
gap5.0_moderate_lean,main,5.0,moderate,lean,26,0.7211995752834931,0.6079366573595186,0.7969280102996605,0.9442255767704676,0.9615384615384616
gap5.0_moderate_lean,main,5.0,moderate,lean,27,0.6597672239349094,0.5654910519868572,0.7584742118315511,0.9446684048971585,0.9615384615384616
gap5.0_moderate_lean,main,5.0,moderate,lean,28,0.6025511329646337,0.519543285245248,0.6780920241979927,0.9458311616993564,0.9615384615384616
gap5.0_moderate_lean,main,5.0,moderate,lean,29,0.6814094649526745,0.6226887466369424,0.7375956995675323,0.9462972536804586,0.9615384615384616
gap5.0_moderate_lean,main,5.0,moderate,lean,30,0.6379200192830246,0.5388707543904167,0.7162786177898155,0.9471667115583149,0.9615384615384616
gap5.0_moderate_lean,main,5.0,moderate,lean,31,0.6818564117612271,0.599518248714508,0.7589588472121863,0.9483724094895832,0.9615384615384616
gap5.0_moderate_lean,main,5.0,moderate,lean,32,0.6739168780241191,0.585534963298828,0.7504940223998738,0.9486120510644216,0.9615384615384616
gap2.0_faint_lean,rep,2.0,faint,lean,1,0.1622716927516602,0.005281816915702362,0.3054651580717285,0.10000000000000002,0.7999999999999999
gap2.0_faint_lean,rep,2.0,faint,lean,2,0.4277435960046806,0.29464661949966614,0.553429376076565,0.2561824199719177,0.7999999999999999
gap2.0_faint_lean,rep,2.0,faint,lean,3,0.4470453770063585,0.40359655633100555,0.49284054965011725,0.3483291412387347,0.7999999999999999
gap2.0_faint_lean,rep,2.0,faint,lean,4,0.4943587993919573,0.45848662348487956,0.5329271913106085,0.415189255719649,0.7999999999999999
gap2.0_faint_lean,rep,2.0,faint,lean,5,0.4801121528024243,0.4036526383397161,0.5697485955694345,0.4811532689711152,0.7999999999999999
gap2.0_faint_lean,rep,2.0,faint,lean,6,0.4722963920722435,0.42464235635456915,0.5202411512090666,0.5369863912636914,0.7999999999999999
gap2.0_faint_lean,rep,2.0,faint,lean,7,0.46848523299612116,0.42844874089158774,0.5042515405297568,0.5717805888590287,0.7999999999999999
gap2.0_faint_lean,rep,2.0,faint,lean,8,0.4838111417489844,0.46063085142622484,0.5099706291573035,0.6004090044446749,0.7999999999999999
gap2.0_faint_lean,rep,2.0,faint,lean,9,0.4608373366638446,0.40097842460021743,0.5293875133131619,0.6275131046290483,0.7999999999999999
gap2.0_faint_lean,rep,2.0,faint,lean,10,0.5322363482953245,0.46255932866804433,0.6005231130421885,0.6479961637514361,0.7999999999999999
gap2.0_faint_lean,rep,2.0,faint,lean,11,0.5162882369931978,0.44446639793874304,0.5818530994324623,0.6578430683033762,0.7999999999999999
gap2.0_faint_lean,rep,2.0,faint,lean,12,0.5042604108437383,0.47747017254111346,0.5280477893167438,0.670414824896609,0.7999999999999999
gap2.0_faint_lean,rep,2.0,faint,lean,13,0.4574321638751828,0.4014770367972559,0.5282159868452965,0.6785286425063164,0.7999999999999999
gap2.0_faint_lean,rep,2.0,faint,lean,14,0.5017725124129807,0.45223351435640413,0.5484829984073044,0.6843886703863626,0.7999999999999999
gap2.0_faint_lean,rep,2.0,faint,lean,15,0.5172965114099048,0.4896611936957566,0.5479275924781566,0.6891214988284556,0.7999999999999999
gap2.0_faint_lean,rep,2.0,faint,lean,16,0.40051646851498324,0.31975933485091707,0.4811359881770039,0.6951803460552843,0.7999999999999999
gap2.0_faint_lean,rep,2.0,faint,lean,17,0.5048148532296529,0.47549232846030864,0.5484676060387461,0.7006751245912504,0.7999999999999999
gap2.0_faint_lean,rep,2.0,faint,lean,18,0.46562183280414676,0.4160411991594075,0.5129998166953926,0.70752578265779,0.7999999999999999
gap2.0_faint_lean,rep,2.0,faint,lean,19,0.5342659770128275,0.48886691471473503,0.6023701726336482,0.7111582595509723,0.7999999999999999
gap2.0_faint_lean,rep,2.0,faint,lean,20,0.5190353769359087,0.44949958987018473,0.5837323213890928,0.7149188826358625,0.7999999999999999
gap2.0_faint_lean,rep,2.0,faint,lean,21,0.5136404512394429,0.482104296757775,0.5498825404398959,0.7152017127795021,0.7999999999999999
gap2.0_faint_lean,rep,2.0,faint,lean,22,0.5200636557545613,0.47276240270579456,0.5858702359649368,0.7201453623146964,0.7999999999999999
gap2.0_faint_lean,rep,2.0,faint,lean,23,0.507615759373797,0.4299233086010228,0.5825920556727963,0.7250047747187868,0.7999999999999999
gap2.0_faint_lean,rep,2.0,faint,lean,24,0.4589716231597154,0.420300796486455,0.5039992635514997,0.7278375494939505,0.7999999999999999
gap2.0_faint_lean,rep,2.0,faint,lean,25,0.5229219049751895,0.47918997147414666,0.5706610389237625,0.7329200429218161,0.7999999999999999
gap2.0_faint_lean,rep,2.0,faint,lean,26,0.5004992828276906,0.46049310585492165,0.5387848162825547,0.7368602553728714,0.7999999999999999
gap2.0_faint_lean,rep,2.0,faint,lean,27,0.5404452671326027,0.48064127389912614,0.6050423699840445,0.738391629167158,0.7999999999999999
gap2.0_faint_lean,rep,2.0,faint,lean,28,0.48327148072812376,0.44706669142166006,0.5329007739315383,0.7424680904807331,0.7999999999999999
gap2.0_faint_lean,rep,2.0,faint,lean,29,0.5123627968872341,0.4621911276436079,0.5682861033378764,0.743910609585148,0.7999999999999999
gap2.0_faint_lean,rep,2.0,faint,lean,30,0.562343467553061,0.48489369065243393,0.6300501379736161,0.7471401556531986,0.7999999999999999
gap2.0_faint_lean,rep,2.0,faint,lean,31,0.5002089118712637,0.48136356715343204,0.5246644517201183,0.7516064189381517,0.7999999999999999
gap2.0_faint_lean,rep,2.0,faint,lean,32,0.49172638387709966,0.4406382288682628,0.5316251286711906,0.7524827398469413,0.7999999999999999
gap2.0_strong_lean,rep,2.0,strong,lean,1,0.00023384189266576562,-0.002097628519283566,0.0029081994729042034,0.10000000000000002,0.7999999999999999
gap2.0_strong_lean,rep,2.0,strong,lean,2,0.41410561627746534,0.30500276775489116,0.5197561165501327,0.2561824199719177,0.7999999999999999
gap2.0_strong_lean,rep,2.0,strong,lean,3,0.3917054021803144,0.3330495860635643,0.43640795845456326,0.3483291412387347,0.7999999999999999
gap2.0_strong_lean,rep,2.0,strong,lean,4,0.4243579189475767,0.36183296222384287,0.47389890151182923,0.415189255719649,0.7999999999999999
gap2.0_strong_lean,rep,2.0,strong,lean,5,0.40766418335920007,0.3283764299383673,0.5074048230492048,0.4811532689711152,0.7999999999999999
gap2.0_strong_lean,rep,2.0,strong,lean,6,0.41612147468749305,0.3685303473498339,0.45853710539052367,0.5369863912636914,0.7999999999999999
gap2.0_strong_lean,rep,2.0,strong,lean,7,0.3870172916336111,0.3394511776690455,0.43003323091832174,0.5717805888590287,0.7999999999999999
gap2.0_strong_lean,rep,2.0,strong,lean,8,0.4178454764599177,0.38349915619371766,0.4524209891913686,0.6004090044446749,0.7999999999999999
gap2.0_strong_lean,rep,2.0,strong,lean,9,0.3358286876809279,0.2445166789792972,0.45863372498214755,0.6275131046290483,0.7999999999999999
gap2.0_strong_lean,rep,2.0,strong,lean,10,0.4041028571348136,0.34012114914943364,0.4716289798428201,0.6479961637514361,0.7999999999999999
gap2.0_strong_lean,rep,2.0,strong,lean,11,0.41418495033159236,0.3528086379922806,0.48480725255247165,0.6578430683033762,0.7999999999999999
gap2.0_strong_lean,rep,2.0,strong,lean,12,0.4471417599870082,0.41695155939214656,0.4749946386906463,0.670414824896609,0.7999999999999999
gap2.0_strong_lean,rep,2.0,strong,lean,13,0.37528012042099956,0.3079716539981013,0.4637576066052865,0.6785286425063164,0.7999999999999999
gap2.0_strong_lean,rep,2.0,strong,lean,14,0.4315742053414199,0.3836550907030345,0.47171313600715303,0.6843886703863626,0.7999999999999999
gap2.0_strong_lean,rep,2.0,strong,lean,15,0.42218588641438354,0.38267042276843294,0.4574277318022275,0.6891214988284556,0.7999999999999999
gap2.0_strong_lean,rep,2.0,strong,lean,16,0.28977482799790316,0.20569063284331626,0.3856995555010453,0.6951803460552843,0.7999999999999999
gap2.0_strong_lean,rep,2.0,strong,lean,17,0.4091072452690643,0.3347084580314167,0.4744616309869176,0.7006751245912504,0.7999999999999999
gap2.0_strong_lean,rep,2.0,strong,lean,18,0.3372884341892392,0.2793534348662522,0.4035735113931458,0.70752578265779,0.7999999999999999
gap2.0_strong_lean,rep,2.0,strong,lean,19,0.47262616137974284,0.41507099753646703,0.5436684804415698,0.7111582595509723,0.7999999999999999
gap2.0_strong_lean,rep,2.0,strong,lean,20,0.3772607336972172,0.3135241340262388,0.4409844605677893,0.7149188826358625,0.7999999999999999
gap2.0_strong_lean,rep,2.0,strong,lean,21,0.44511614370400715,0.40701170543450477,0.4800571216769835,0.7152017127795021,0.7999999999999999
gap2.0_strong_lean,rep,2.0,strong,lean,22,0.4234269932845833,0.3643359073437534,0.4957559250297454,0.7201453623146964,0.7999999999999999
gap2.0_strong_lean,rep,2.0,strong,lean,23,0.4415758546171292,0.38487150986254515,0.4954636770845941,0.7250047747187868,0.7999999999999999
gap2.0_strong_lean,rep,2.0,strong,lean,24,0.3613192884007533,0.2944479781202909,0.438934146873589,0.7278375494939505,0.7999999999999999
gap2.0_strong_lean,rep,2.0,strong,lean,25,0.44700004683702677,0.3812473404304776,0.5099016943373329,0.7329200429218161,0.7999999999999999
gap2.0_strong_lean,rep,2.0,strong,lean,26,0.4231275979470902,0.35505918891590327,0.482432375222677,0.7368602553728714,0.7999999999999999
gap2.0_strong_lean,rep,2.0,strong,lean,27,0.4250721811623546,0.3856872671665571,0.4641983989184555,0.738391629167158,0.7999999999999999
gap2.0_strong_lean,rep,2.0,strong,lean,28,0.4002842174465071,0.3440223062650926,0.45538618330543273,0.7424680904807331,0.7999999999999999
gap2.0_strong_lean,rep,2.0,strong,lean,29,0.4246278028643642,0.35444132842781595,0.48573775823259,0.743910609585148,0.7999999999999999
gap2.0_strong_lean,rep,2.0,strong,lean,30,0.4472384625816762,0.39973312079631446,0.4953736838881326,0.7471401556531986,0.7999999999999999
gap2.0_strong_lean,rep,2.0,strong,lean,31,0.3401132361076759,0.2732708785921988,0.3975764689822941,0.7516064189381517,0.7999999999999999
gap2.0_strong_lean,rep,2.0,strong,lean,32,0.37113511615408706,0.24748521069188573,0.4525354081330101,0.7524827398469413,0.7999999999999999
gap2.0_moderate_self_history,info,2.0,moderate,self_history,1,0.1622716927516602,0.003415814728760851,0.29485979665844375,0.10000000000000002,0.7999999999999999
gap2.0_moderate_self_history,info,2.0,moderate,self_history,2,0.29275353144602023,0.1652932682330544,0.4144173973154723,0.2561824199719177,0.7999999999999999
gap2.0_moderate_self_history,info,2.0,moderate,self_history,3,0.2708825613985653,0.1825564129113284,0.3642047874722922,0.3483291412387347,0.7999999999999999
gap2.0_moderate_self_history,info,2.0,moderate,self_history,4,0.34811451769079277,0.2537042471146175,0.4288806349824403,0.415189255719649,0.7999999999999999
gap2.0_moderate_self_history,info,2.0,moderate,self_history,5,0.3924835708564344,0.33252730959129057,0.47950763229097776,0.4811532689711152,0.7999999999999999
gap2.0_moderate_self_history,info,2.0,moderate,self_history,6,0.4370861297511457,0.37635592802564855,0.4830548865293263,0.5369863912636914,0.7999999999999999
gap2.0_moderate_self_history,info,2.0,moderate,self_history,7,0.42148912024162033,0.36839089567796207,0.46722852517670227,0.5717805888590287,0.7999999999999999
gap2.0_moderate_self_history,info,2.0,moderate,self_history,8,0.41138843563875344,0.35987794096332804,0.45899215906651714,0.6004090044446749,0.7999999999999999
gap2.0_moderate_self_history,info,2.0,moderate,self_history,9,0.3434486105162804,0.23532520406764051,0.4699117756138717,0.6275131046290483,0.7999999999999999
gap2.0_moderate_self_history,info,2.0,moderate,self_history,10,0.44592381187440133,0.39859931639016116,0.48574158941245643,0.6479961637514361,0.7999999999999999
gap2.0_moderate_self_history,info,2.0,moderate,self_history,11,0.4293077560126177,0.3939877400490858,0.47065978560872035,0.6578430683033762,0.7999999999999999
gap2.0_moderate_self_history,info,2.0,moderate,self_history,12,0.4081211146943444,0.3302161417259189,0.4675517887812263,0.670414824896609,0.7999999999999999
gap2.0_moderate_self_history,info,2.0,moderate,self_history,13,0.44937243234248436,0.4293980934106657,0.46971853435319166,0.6785286425063164,0.7999999999999999
gap2.0_moderate_self_history,info,2.0,moderate,self_history,14,0.44699691900126953,0.40493164410073235,0.47938171197628604,0.6843886703863626,0.7999999999999999
gap2.0_moderate_self_history,info,2.0,moderate,self_history,15,0.4610994382959029,0.43423275713648984,0.4839442364145511,0.6891214988284556,0.7999999999999999
gap2.0_moderate_self_history,info,2.0,moderate,self_history,16,0.4081567430644862,0.35505447904210674,0.461385553038406,0.6951803460552843,0.7999999999999999
gap2.0_moderate_self_history,info,2.0,moderate,self_history,17,0.42716187412972156,0.39025937095086516,0.4724732267063822,0.7006751245912504,0.7999999999999999
gap2.0_moderate_self_history,info,2.0,moderate,self_history,18,0.42866509989299517,0.3737333422959573,0.48736779786361806,0.70752578265779,0.7999999999999999
gap2.0_moderate_self_history,info,2.0,moderate,self_history,19,0.4729017098289808,0.4269190644786111,0.5095947079793788,0.7111582595509723,0.7999999999999999
gap2.0_moderate_self_history,info,2.0,moderate,self_history,20,0.44275311235845327,0.3944347287790563,0.48887162193235106,0.7149188826358625,0.7999999999999999
gap2.0_moderate_self_history,info,2.0,moderate,self_history,21,0.43003162609251105,0.37334675230243924,0.4779795306174503,0.7152017127795021,0.7999999999999999
gap2.0_moderate_self_history,info,2.0,moderate,self_history,22,0.3863933031294643,0.2911126403727712,0.4907732159997381,0.7201453623146964,0.7999999999999999
gap2.0_moderate_self_history,info,2.0,moderate,self_history,23,0.4287451076821636,0.39332441788120354,0.4676297135446671,0.7250047747187868,0.7999999999999999
gap2.0_moderate_self_history,info,2.0,moderate,self_history,24,0.4044402470919145,0.3541964602946865,0.46173255920316003,0.7278375494939505,0.7999999999999999
gap2.0_moderate_self_history,info,2.0,moderate,self_history,25,0.460209979604547,0.4074687583222258,0.5038889443829251,0.7329200429218161,0.7999999999999999
gap2.0_moderate_self_history,info,2.0,moderate,self_history,26,0.431118475838709,0.38734458505425096,0.46531825957215156,0.7368602553728714,0.7999999999999999
gap2.0_moderate_self_history,info,2.0,moderate,self_history,27,0.4274219584633354,0.38253720570026645,0.4681059247276093,0.738391629167158,0.7999999999999999
gap2.0_moderate_self_history,info,2.0,moderate,self_history,28,0.44027284716529314,0.3647243320125493,0.48840321959053334,0.7424680904807331,0.7999999999999999
gap2.0_moderate_self_history,info,2.0,moderate,self_history,29,0.4584559054764029,0.3925628487781193,0.5090486491196551,0.743910609585148,0.7999999999999999
gap2.0_moderate_self_history,info,2.0,moderate,self_history,30,0.45447079793503015,0.4292500051916897,0.480152644662056,0.7471401556531986,0.7999999999999999
gap2.0_moderate_self_history,info,2.0,moderate,self_history,31,0.42803433787527173,0.3787108101092004,0.47481782770418146,0.7516064189381517,0.7999999999999999
gap2.0_moderate_self_history,info,2.0,moderate,self_history,32,0.44483771651792564,0.407605045934986,0.47812658385698414,0.7524827398469413,0.7999999999999999
gap2.0_moderate_summary,info,2.0,moderate,summary,1,0.1622716927516602,0.004183950800100712,0.2987812421904325,0.10000000000000002,0.7999999999999999
gap2.0_moderate_summary,info,2.0,moderate,summary,2,0.5523818323742377,0.4703879523167158,0.6447997146678364,0.2561824199719177,0.7999999999999999
gap2.0_moderate_summary,info,2.0,moderate,summary,3,0.46798057245180236,0.4259282622236328,0.5041412971140515,0.3483291412387347,0.7999999999999999
gap2.0_moderate_summary,info,2.0,moderate,summary,4,0.4796354447410832,0.4037123923397031,0.5385532059700688,0.415189255719649,0.7999999999999999
gap2.0_moderate_summary,info,2.0,moderate,summary,5,0.49648262011815747,0.4312991642571315,0.5797052575946343,0.4811532689711152,0.7999999999999999
gap2.0_moderate_summary,info,2.0,moderate,summary,6,0.5252624765396648,0.4877987512546682,0.5563167655602449,0.5369863912636914,0.7999999999999999
gap2.0_moderate_summary,info,2.0,moderate,summary,7,0.5082507848877298,0.47727453663434793,0.5384563534967216,0.5717805888590287,0.7999999999999999
gap2.0_moderate_summary,info,2.0,moderate,summary,8,0.5066833623717992,0.465765582739241,0.5539460639284047,0.6004090044446749,0.7999999999999999
gap2.0_moderate_summary,info,2.0,moderate,summary,9,0.5000793797457302,0.4169309253277491,0.594968717871506,0.6275131046290483,0.7999999999999999
gap2.0_moderate_summary,info,2.0,moderate,summary,10,0.5750664769271374,0.5130826997930135,0.6278319474720239,0.6479961637514361,0.7999999999999999
gap2.0_moderate_summary,info,2.0,moderate,summary,11,0.579564193271448,0.5231041789172387,0.640004168583737,0.6578430683033762,0.7999999999999999
gap2.0_moderate_summary,info,2.0,moderate,summary,12,0.5505936844055346,0.5119666258438685,0.586375851729092,0.670414824896609,0.7999999999999999
gap2.0_moderate_summary,info,2.0,moderate,summary,13,0.5486023416631922,0.5080810115263492,0.6022610050442421,0.6785286425063164,0.7999999999999999
gap2.0_moderate_summary,info,2.0,moderate,summary,14,0.5520573869894628,0.5133789077824662,0.5933281128087252,0.6843886703863626,0.7999999999999999
gap2.0_moderate_summary,info,2.0,moderate,summary,15,0.5575279992485249,0.5205971796400896,0.602366280989264,0.6891214988284556,0.7999999999999999
gap2.0_moderate_summary,info,2.0,moderate,summary,16,0.5526718662498803,0.4981831695745507,0.6131836790846347,0.6951803460552843,0.7999999999999999
gap2.0_moderate_summary,info,2.0,moderate,summary,17,0.5362115509111531,0.5134385984852664,0.5655422556976957,0.7006751245912504,0.7999999999999999
gap2.0_moderate_summary,info,2.0,moderate,summary,18,0.5375742429311571,0.46301531478671965,0.6039490082880206,0.70752578265779,0.7999999999999999
gap2.0_moderate_summary,info,2.0,moderate,summary,19,0.6176375830203357,0.5774811791347916,0.664421606810666,0.7111582595509723,0.7999999999999999
gap2.0_moderate_summary,info,2.0,moderate,summary,20,0.5860853865055764,0.4805592261574795,0.6935108733924497,0.7149188826358625,0.7999999999999999
gap2.0_moderate_summary,info,2.0,moderate,summary,21,0.5535456121763421,0.5183651920292651,0.5917735851841749,0.7152017127795021,0.7999999999999999
gap2.0_moderate_summary,info,2.0,moderate,summary,22,0.5635142454918657,0.5096705554348775,0.6362610460766815,0.7201453623146964,0.7999999999999999
gap2.0_moderate_summary,info,2.0,moderate,summary,23,0.5506196473268747,0.5063122957038688,0.6068936069391856,0.7250047747187868,0.7999999999999999
gap2.0_moderate_summary,info,2.0,moderate,summary,24,0.5268722124766547,0.4752916042462249,0.5774148711331285,0.7278375494939505,0.7999999999999999
gap2.0_moderate_summary,info,2.0,moderate,summary,25,0.5970586614577348,0.5511975860359966,0.6438678004781349,0.7329200429218161,0.7999999999999999
gap2.0_moderate_summary,info,2.0,moderate,summary,26,0.5918474506010492,0.5454871264812124,0.6354450414646347,0.7368602553728714,0.7999999999999999
gap2.0_moderate_summary,info,2.0,moderate,summary,27,0.5564058515527932,0.508545278047735,0.607330024343339,0.738391629167158,0.7999999999999999
gap2.0_moderate_summary,info,2.0,moderate,summary,28,0.5890846948578667,0.551747870023994,0.6257904672238375,0.7424680904807331,0.7999999999999999
gap2.0_moderate_summary,info,2.0,moderate,summary,29,0.5951933315536511,0.5650965795522418,0.6285671143128936,0.743910609585148,0.7999999999999999
gap2.0_moderate_summary,info,2.0,moderate,summary,30,0.598630959027559,0.5473426696196809,0.6463785775981319,0.7471401556531986,0.7999999999999999
gap2.0_moderate_summary,info,2.0,moderate,summary,31,0.6060489964522282,0.5670286240252792,0.6351489261842832,0.7516064189381517,0.7999999999999999
gap2.0_moderate_summary,info,2.0,moderate,summary,32,0.5915564569196925,0.5423577048457334,0.6332204827362914,0.7524827398469413,0.7999999999999999
gap2.0_moderate_full,info,2.0,moderate,full,1,0.1622716927516602,0.003326678558226757,0.29857367781511607,0.10000000000000002,0.7999999999999999
gap2.0_moderate_full,info,2.0,moderate,full,2,0.4095545931867934,0.24648315921507505,0.584686968897999,0.2561824199719177,0.7999999999999999
gap2.0_moderate_full,info,2.0,moderate,full,3,0.39808330120353824,0.32660676977136627,0.4594931673192356,0.3483291412387347,0.7999999999999999
gap2.0_moderate_full,info,2.0,moderate,full,4,0.3889259816938651,0.2850296015845309,0.47679950477405164,0.415189255719649,0.7999999999999999
gap2.0_moderate_full,info,2.0,moderate,full,5,0.4879731105048067,0.43239837272611936,0.5482379814169367,0.4811532689711152,0.7999999999999999
gap2.0_moderate_full,info,2.0,moderate,full,6,0.528054267978098,0.46443417504496853,0.5791717372988257,0.5369863912636914,0.7999999999999999
gap2.0_moderate_full,info,2.0,moderate,full,7,0.4998993139590204,0.4685719469330404,0.527021534351612,0.5717805888590287,0.7999999999999999
gap2.0_moderate_full,info,2.0,moderate,full,8,0.5021857954742375,0.4641352933963081,0.5456692302262147,0.6004090044446749,0.7999999999999999
gap2.0_moderate_full,info,2.0,moderate,full,9,0.47081045121293513,0.4041670946253077,0.5524579387912899,0.6275131046290483,0.7999999999999999
gap2.0_moderate_full,info,2.0,moderate,full,10,0.5061013641914669,0.45582236400989795,0.5556589983602375,0.6479961637514361,0.7999999999999999
gap2.0_moderate_full,info,2.0,moderate,full,11,0.5093054093583066,0.46475046245142543,0.5517978068163533,0.6578430683033762,0.7999999999999999
gap2.0_moderate_full,info,2.0,moderate,full,12,0.5307730836332267,0.5034439337931657,0.5553978129143649,0.670414824896609,0.7999999999999999
gap2.0_moderate_full,info,2.0,moderate,full,13,0.5192141719779911,0.48335354417136905,0.5640931878379465,0.6785286425063164,0.7999999999999999
gap2.0_moderate_full,info,2.0,moderate,full,14,0.5104715838117918,0.48487729560646536,0.5401764590983031,0.6843886703863626,0.7999999999999999
gap2.0_moderate_full,info,2.0,moderate,full,15,0.5295986152561417,0.4955740817068546,0.5717253492241481,0.6891214988284556,0.7999999999999999
gap2.0_moderate_full,info,2.0,moderate,full,16,0.4811714869753196,0.44742600200824933,0.5116147453994835,0.6951803460552843,0.7999999999999999
gap2.0_moderate_full,info,2.0,moderate,full,17,0.5097553244983903,0.4799808103395623,0.548655587414743,0.7006751245912504,0.7999999999999999
gap2.0_moderate_full,info,2.0,moderate,full,18,0.4897969238908808,0.4081161818151321,0.5580061079788333,0.70752578265779,0.7999999999999999
gap2.0_moderate_full,info,2.0,moderate,full,19,0.5250624376432692,0.49436585256564564,0.5541703818297287,0.7111582595509723,0.7999999999999999
gap2.0_moderate_full,info,2.0,moderate,full,20,0.5430758992792253,0.46332813676575174,0.6105617386094075,0.7149188826358625,0.7999999999999999
gap2.0_moderate_full,info,2.0,moderate,full,21,0.5168345771720624,0.4875453906349973,0.5502511375778383,0.7152017127795021,0.7999999999999999
gap2.0_moderate_full,info,2.0,moderate,full,22,0.48086090460160497,0.3816876704236752,0.579396050771157,0.7201453623146964,0.7999999999999999
gap2.0_moderate_full,info,2.0,moderate,full,23,0.49049460566621345,0.4590463580326519,0.526808470616854,0.7250047747187868,0.7999999999999999
gap2.0_moderate_full,info,2.0,moderate,full,24,0.44205413085589224,0.3910800718010637,0.49770290248363447,0.7278375494939505,0.7999999999999999
gap2.0_moderate_full,info,2.0,moderate,full,25,0.5404299157489758,0.4757321407400689,0.5942158846739548,0.7329200429218161,0.7999999999999999
gap2.0_moderate_full,info,2.0,moderate,full,26,0.5339152417859832,0.47841801247415433,0.5912400965286445,0.7368602553728714,0.7999999999999999
gap2.0_moderate_full,info,2.0,moderate,full,27,0.5128746445121741,0.47902089235061146,0.5468465887324452,0.738391629167158,0.7999999999999999
gap2.0_moderate_full,info,2.0,moderate,full,28,0.5440848136469806,0.5153542189701411,0.5812007813453437,0.7424680904807331,0.7999999999999999
gap2.0_moderate_full,info,2.0,moderate,full,29,0.5376015715242124,0.508067960703217,0.5609481316518158,0.743910609585148,0.7999999999999999
gap2.0_moderate_full,info,2.0,moderate,full,30,0.5363420813682885,0.49856700914061075,0.5810173012021093,0.7471401556531986,0.7999999999999999
gap2.0_moderate_full,info,2.0,moderate,full,31,0.5217361452054126,0.5068362020607224,0.5413066287890398,0.7516064189381517,0.7999999999999999
gap2.0_moderate_full,info,2.0,moderate,full,32,0.5383249393191519,0.5201764094339478,0.5569203629052035,0.7524827398469413,0.7999999999999999
gap2.0_robust_swaplabels,robust,2.0,moderate,lean,1,0.3655523927189213,0.20587579972578746,0.4694503030059914,0.09999999999999999,0.7999999999999999
gap2.0_robust_swaplabels,robust,2.0,moderate,lean,2,0.48605351671664065,0.3191212493958992,0.6239884187566123,0.2446958173670604,0.7999999999999999
gap2.0_robust_swaplabels,robust,2.0,moderate,lean,3,0.4286627384744592,0.372563048484484,0.46890119318148826,0.3324010228571869,0.7999999999999999
gap2.0_robust_swaplabels,robust,2.0,moderate,lean,4,0.4828637339018587,0.40870371247561854,0.5299983524288672,0.3968464525784234,0.7999999999999999
gap2.0_robust_swaplabels,robust,2.0,moderate,lean,5,0.5387978745828145,0.3732757834562601,0.75584973370921,0.47689044342717274,0.7999999999999999
gap2.0_robust_swaplabels,robust,2.0,moderate,lean,6,0.457457558555209,0.3744695281445595,0.5334187658804223,0.5434766975381952,0.7999999999999999
gap2.0_robust_swaplabels,robust,2.0,moderate,lean,7,0.5252388124702263,0.4646132213098411,0.5739712874985838,0.5769927916825731,0.7999999999999999
gap2.0_robust_swaplabels,robust,2.0,moderate,lean,8,0.5403037160544047,0.4623787209942328,0.590683140997044,0.6017932840104553,0.7999999999999999
gap2.0_robust_swaplabels,robust,2.0,moderate,lean,9,0.46669226511161255,0.3960830253460284,0.5217828637463529,0.6298789370386045,0.7999999999999999
gap2.0_robust_swaplabels,robust,2.0,moderate,lean,10,0.5336623810345583,0.49171914606992295,0.577510638079572,0.6548580364625424,0.7999999999999999
gap2.0_robust_swaplabels,robust,2.0,moderate,lean,11,0.5465730177533714,0.4781342567049094,0.6213986964898237,0.6660071278077667,0.7999999999999999
gap2.0_robust_swaplabels,robust,2.0,moderate,lean,12,0.5088781441406159,0.49101728050815324,0.5239297305807545,0.6768013635215196,0.7999999999999999
gap2.0_robust_swaplabels,robust,2.0,moderate,lean,13,0.5663651965788565,0.46707984787788354,0.6393601018346643,0.6812092354894609,0.7999999999999999
gap2.0_robust_swaplabels,robust,2.0,moderate,lean,14,0.4867362156761209,0.4109375340702298,0.538530669712201,0.6839543573008203,0.7999999999999999
gap2.0_robust_swaplabels,robust,2.0,moderate,lean,15,0.5136664107707316,0.49073675038237957,0.5437080240122371,0.6883045607807822,0.7999999999999999
gap2.0_robust_swaplabels,robust,2.0,moderate,lean,16,0.5028508549073646,0.4771140784833465,0.5318664256622646,0.6914288586627797,0.7999999999999999
gap2.0_robust_swaplabels,robust,2.0,moderate,lean,17,0.539722437346579,0.505348499887734,0.5752531344134648,0.6963702851698809,0.7999999999999999
gap2.0_robust_swaplabels,robust,2.0,moderate,lean,18,0.49317805749123816,0.4629089764740196,0.5221498943098712,0.7031818708143346,0.7999999999999999
gap2.0_robust_swaplabels,robust,2.0,moderate,lean,19,0.5692312386891251,0.5353742326227131,0.5964479306894573,0.7086364303539204,0.7999999999999999
gap2.0_robust_swaplabels,robust,2.0,moderate,lean,20,0.4706190108554113,0.4027340582945419,0.5283188503690284,0.709821846069488,0.7999999999999999
gap2.0_robust_swaplabels,robust,2.0,moderate,lean,21,0.5865131557405601,0.5379579916424537,0.6215636095954732,0.7118955340948802,0.7999999999999999
gap2.0_robust_swaplabels,robust,2.0,moderate,lean,22,0.5232757017030267,0.4872282880973013,0.5668529637221912,0.7152688822374632,0.7999999999999999
gap2.0_robust_swaplabels,robust,2.0,moderate,lean,23,0.49732435193887065,0.45643241943150886,0.5384875037170538,0.7196692767623856,0.7999999999999999
gap2.0_robust_swaplabels,robust,2.0,moderate,lean,24,0.5298007479707743,0.4984409662182934,0.5678685766400149,0.7245734424358724,0.7999999999999999
gap2.0_robust_swaplabels,robust,2.0,moderate,lean,25,0.5593877077340965,0.5016580392419873,0.6233587752666664,0.730079366793352,0.7999999999999999
gap2.0_robust_swaplabels,robust,2.0,moderate,lean,26,0.5191071695381192,0.36774588069128145,0.6181516594137706,0.7356154185555828,0.7999999999999999
gap2.0_robust_swaplabels,robust,2.0,moderate,lean,27,0.5022233050753945,0.45537597779997085,0.5346817100735539,0.7355027902908522,0.7999999999999999
gap2.0_robust_swaplabels,robust,2.0,moderate,lean,28,0.5079796243539585,0.4586767880944988,0.5428678972668448,0.7401982367255657,0.7999999999999999
gap2.0_robust_swaplabels,robust,2.0,moderate,lean,29,0.5746092372015744,0.4938076758098981,0.6180049220947588,0.7402978546947511,0.7999999999999999
gap2.0_robust_swaplabels,robust,2.0,moderate,lean,30,0.5179021151284003,0.4779134532071923,0.5746343736746247,0.7443890285611087,0.7999999999999999
gap2.0_robust_swaplabels,robust,2.0,moderate,lean,31,0.5203454464685217,0.4876719315802284,0.5675833504996841,0.7495732747822662,0.7999999999999999
gap2.0_robust_swaplabels,robust,2.0,moderate,lean,32,0.5094197925874503,0.47228440609369443,0.5513268821642338,0.7476662840652323,0.7999999999999999
gap2.0_robust_order,robust,2.0,moderate,lean,1,0.10690078539529965,0.0029074760261320327,0.26346865926574525,0.09999999999999999,0.7999999999999999
gap2.0_robust_order,robust,2.0,moderate,lean,2,0.4197797746280465,0.27827419798970365,0.5352105370259679,0.2446958173670604,0.7999999999999999
gap2.0_robust_order,robust,2.0,moderate,lean,3,0.4219079356861704,0.3631980917607606,0.46520588615284375,0.3324010228571869,0.7999999999999999
gap2.0_robust_order,robust,2.0,moderate,lean,4,0.37540406345814814,0.25220956040730846,0.48122492612695433,0.3968464525784234,0.7999999999999999
gap2.0_robust_order,robust,2.0,moderate,lean,5,0.5147967281708259,0.3610604424056529,0.7195253844154919,0.47689044342717274,0.7999999999999999
gap2.0_robust_order,robust,2.0,moderate,lean,6,0.43154949822251004,0.379990985855438,0.4733760852770514,0.5434766975381952,0.7999999999999999
gap2.0_robust_order,robust,2.0,moderate,lean,7,0.4979621132656875,0.4231353736599364,0.5510328326837232,0.5769927916825731,0.7999999999999999
gap2.0_robust_order,robust,2.0,moderate,lean,8,0.4825308017953786,0.33807079471570817,0.5842693393713704,0.6017932840104553,0.7999999999999999
gap2.0_robust_order,robust,2.0,moderate,lean,9,0.4148188931698349,0.20739347023255855,0.5849658796008307,0.6298789370386045,0.7999999999999999
gap2.0_robust_order,robust,2.0,moderate,lean,10,0.5469198940699904,0.47832972054701517,0.6193915036909451,0.6548580364625424,0.7999999999999999
gap2.0_robust_order,robust,2.0,moderate,lean,11,0.5797628987294695,0.49655345617644187,0.6473019226672854,0.6660071278077667,0.7999999999999999
gap2.0_robust_order,robust,2.0,moderate,lean,12,0.5238822102038168,0.4983839917845628,0.5487549160639236,0.6768013635215196,0.7999999999999999
gap2.0_robust_order,robust,2.0,moderate,lean,13,0.5320056249788085,0.472789278334733,0.5718766722829385,0.6812092354894609,0.7999999999999999
gap2.0_robust_order,robust,2.0,moderate,lean,14,0.4854551292130213,0.4098624304011636,0.5370257586352953,0.6839543573008203,0.7999999999999999
gap2.0_robust_order,robust,2.0,moderate,lean,15,0.5282125779725048,0.50247749143927,0.5492645306331237,0.6883045607807822,0.7999999999999999
gap2.0_robust_order,robust,2.0,moderate,lean,16,0.5171908866189413,0.478785905195372,0.5541256364520628,0.6914288586627797,0.7999999999999999
gap2.0_robust_order,robust,2.0,moderate,lean,17,0.5156614309959872,0.48813652876794816,0.5454315506385423,0.6963702851698809,0.7999999999999999
gap2.0_robust_order,robust,2.0,moderate,lean,18,0.4918821850342759,0.4533907028236789,0.524950874604823,0.7031818708143346,0.7999999999999999
gap2.0_robust_order,robust,2.0,moderate,lean,19,0.5706538660543756,0.5450032886245477,0.6037113631846031,0.7086364303539204,0.7999999999999999
gap2.0_robust_order,robust,2.0,moderate,lean,20,0.5366628693579903,0.48445520272418674,0.6019131801034261,0.709821846069488,0.7999999999999999
gap2.0_robust_order,robust,2.0,moderate,lean,21,0.5863988674157044,0.5333985155929929,0.6304719163131535,0.7118955340948802,0.7999999999999999
gap2.0_robust_order,robust,2.0,moderate,lean,22,0.577308830675682,0.526314354619424,0.637652428665578,0.7152688822374632,0.7999999999999999
gap2.0_robust_order,robust,2.0,moderate,lean,23,0.5047158961256052,0.46934813566573963,0.5353847643570272,0.7196692767623856,0.7999999999999999
gap2.0_robust_order,robust,2.0,moderate,lean,24,0.5756705923799504,0.5250360242872512,0.6279658232998274,0.7245734424358724,0.7999999999999999
gap2.0_robust_order,robust,2.0,moderate,lean,25,0.5790802549030151,0.5118325855124413,0.6405734961280006,0.730079366793352,0.7999999999999999
gap2.0_robust_order,robust,2.0,moderate,lean,26,0.553263301668424,0.3970819873839298,0.6771346590390592,0.7356154185555828,0.7999999999999999
gap2.0_robust_order,robust,2.0,moderate,lean,27,0.520457920939528,0.4636661870018039,0.5693787360887448,0.7355027902908522,0.7999999999999999
gap2.0_robust_order,robust,2.0,moderate,lean,28,0.47548693826700383,0.4248458604478885,0.5512343676171861,0.7401982367255657,0.7999999999999999
gap2.0_robust_order,robust,2.0,moderate,lean,29,0.5444843663370874,0.5003507778506131,0.5710512686781041,0.7402978546947511,0.7999999999999999
gap2.0_robust_order,robust,2.0,moderate,lean,30,0.5637298636680992,0.49774929177381544,0.613348591877495,0.7443890285611087,0.7999999999999999
gap2.0_robust_order,robust,2.0,moderate,lean,31,0.5299762847274507,0.49906835672782657,0.5679280439558192,0.7495732747822662,0.7999999999999999
gap2.0_robust_order,robust,2.0,moderate,lean,32,0.4893236108263004,0.43552996992989285,0.5422868039790915,0.7476662840652323,0.7999999999999999
gap2.0_robust_paraphrase,robust,2.0,moderate,lean,1,0.48744738380720115,0.46790327123267655,0.5017803956446265,0.09999999999999999,0.7999999999999999
gap2.0_robust_paraphrase,robust,2.0,moderate,lean,2,0.4800832242479001,0.41965343478597567,0.5391038341523875,0.2446958173670604,0.7999999999999999
gap2.0_robust_paraphrase,robust,2.0,moderate,lean,3,0.42042025941334565,0.37324383384276555,0.47045873534563304,0.3324010228571869,0.7999999999999999
gap2.0_robust_paraphrase,robust,2.0,moderate,lean,4,0.44672830288722926,0.35187423181838523,0.5196915228087046,0.3968464525784234,0.7999999999999999
gap2.0_robust_paraphrase,robust,2.0,moderate,lean,5,0.4868785581294103,0.4094133628787852,0.5968910911385847,0.47689044342717274,0.7999999999999999
gap2.0_robust_paraphrase,robust,2.0,moderate,lean,6,0.4585984111036851,0.3819248471638925,0.5209391645269849,0.5434766975381952,0.7999999999999999
gap2.0_robust_paraphrase,robust,2.0,moderate,lean,7,0.47367690487436326,0.41314709892402796,0.516105729994472,0.5769927916825731,0.7999999999999999
gap2.0_robust_paraphrase,robust,2.0,moderate,lean,8,0.4946035441894369,0.4507746064694338,0.5363476660793456,0.6017932840104553,0.7999999999999999
gap2.0_robust_paraphrase,robust,2.0,moderate,lean,9,0.4039749117987373,0.2586586169917057,0.5488774250662646,0.6298789370386045,0.7999999999999999
gap2.0_robust_paraphrase,robust,2.0,moderate,lean,10,0.5333633110551299,0.4603121074299914,0.6001489487874031,0.6548580364625424,0.7999999999999999
gap2.0_robust_paraphrase,robust,2.0,moderate,lean,11,0.4655482358143045,0.38757423462442697,0.548205875336221,0.6660071278077667,0.7999999999999999
gap2.0_robust_paraphrase,robust,2.0,moderate,lean,12,0.4868773959268242,0.439559815584883,0.5272561986013358,0.6768013635215196,0.7999999999999999
gap2.0_robust_paraphrase,robust,2.0,moderate,lean,13,0.44171473926215105,0.4115602694409961,0.472891444136842,0.6812092354894609,0.7999999999999999
gap2.0_robust_paraphrase,robust,2.0,moderate,lean,14,0.4382427754040733,0.37343536978358066,0.4836286306476998,0.6839543573008203,0.7999999999999999
gap2.0_robust_paraphrase,robust,2.0,moderate,lean,15,0.5046478438018263,0.4689979820721499,0.5486029143756022,0.6883045607807822,0.7999999999999999
gap2.0_robust_paraphrase,robust,2.0,moderate,lean,16,0.4432019219679813,0.38782569432969766,0.49407547007594727,0.6914288586627797,0.7999999999999999
gap2.0_robust_paraphrase,robust,2.0,moderate,lean,17,0.4691399357365734,0.4557225056352899,0.48650488921438556,0.6963702851698809,0.7999999999999999
gap2.0_robust_paraphrase,robust,2.0,moderate,lean,18,0.4548077346326003,0.419114078984395,0.5084706220772475,0.7031818708143346,0.7999999999999999
gap2.0_robust_paraphrase,robust,2.0,moderate,lean,19,0.556428975384571,0.48853295199907165,0.65720663117504,0.7086364303539204,0.7999999999999999
gap2.0_robust_paraphrase,robust,2.0,moderate,lean,20,0.5087728044440496,0.4257769378598568,0.5755646557161408,0.709821846069488,0.7999999999999999
gap2.0_robust_paraphrase,robust,2.0,moderate,lean,21,0.5152171395471312,0.47738878564246845,0.5627143646434467,0.7118955340948802,0.7999999999999999
gap2.0_robust_paraphrase,robust,2.0,moderate,lean,22,0.5384402542515523,0.4915883481569903,0.5865976011474664,0.7152688822374632,0.7999999999999999
gap2.0_robust_paraphrase,robust,2.0,moderate,lean,23,0.49876901192257744,0.4653720349447265,0.5444949230739589,0.7196692767623856,0.7999999999999999
gap2.0_robust_paraphrase,robust,2.0,moderate,lean,24,0.48398040129757447,0.46169076833037814,0.515127133398854,0.7245734424358724,0.7999999999999999
gap2.0_robust_paraphrase,robust,2.0,moderate,lean,25,0.5176176787260611,0.47661499754795383,0.548898372509472,0.730079366793352,0.7999999999999999
gap2.0_robust_paraphrase,robust,2.0,moderate,lean,26,0.5094252364246222,0.42029539803876437,0.5677487092353471,0.7356154185555828,0.7999999999999999
gap2.0_robust_paraphrase,robust,2.0,moderate,lean,27,0.5215312595795787,0.4529274334555487,0.5805965660038194,0.7355027902908522,0.7999999999999999
gap2.0_robust_paraphrase,robust,2.0,moderate,lean,28,0.4861248950060167,0.47502808291842097,0.5138734217881783,0.7401982367255657,0.7999999999999999
gap2.0_robust_paraphrase,robust,2.0,moderate,lean,29,0.5047878162098454,0.4048439776244554,0.5538940843715393,0.7402978546947511,0.7999999999999999
gap2.0_robust_paraphrase,robust,2.0,moderate,lean,30,0.5737587168801807,0.5161194728259226,0.6220215289393171,0.7443890285611087,0.7999999999999999
gap2.0_robust_paraphrase,robust,2.0,moderate,lean,31,0.5171675091625946,0.5016449323206025,0.5455024923947527,0.7495732747822662,0.7999999999999999
gap2.0_robust_paraphrase,robust,2.0,moderate,lean,32,0.4747127973690164,0.42022290985021105,0.5159198329857128,0.7476662840652323,0.7999999999999999
